Electr;Gas
0.835301317;1.140127724
0.869984893;1.214591588
0.914321051;1.202059509
1.056075174;1.262534075
1.095077082;1.307015668
1.086604169;1.252880003
1.053552633;1.181111993
0.941223413;1.193644072
0.926414025;1.176376033
1.055868157;1.173971623
1.079893091;1.205556833
1.080992801;1.291204848
1.093878793;1.327489588
1.088033572;1.297470888
0.964656322;1.172842279
0.927552071;1.150911141
1.078988898;1.279729253
1.110476305;1.407308729
1.110147159;1.314046748
1.084208138;1.225739309
1.069548262;1.287926107
0.987693271;1.296997292
0.964509001;1.36238997
1.131737726;1.49659979
1.152470103;1.464395262
1.147187334;1.396088147
1.140452707;1.365085824
1.108742948;1.315540396
0.986604514;1.239109288
0.953474114;1.237069182
1.084661056;1.255211552
1.083113357;1.226431488
1.094214511;1.24632252
1.086434941;1.20453678
1.061629037;1.195611317
0.967189817;1.193534781
0.93857929;1.222824872
1.088304119;1.333901349
1.090578568;1.292079179
1.083047637;1.267015022
1.077800466;1.254300791
1.055907041;1.208689853
0.931413104;1.188252364
0.931189109;1.313828165
1.095971965;1.439294674
1.107551778;1.436307376
1.117625514;1.401625577
1.108403396;1.347890646
1.068157195;1.313500291
0.969980166;1.298199497
0.966759901;1.397618226
1.123653106;1.467127547
1.147220193;1.488330076
1.158746335;1.497437691
1.168271311;1.525562007
1.140924245;1.453211111
1.014514031;1.375432075
0.986130784;1.349202143
1.140286764;1.446143601
1.147171451;1.393355862
1.157362935;1.448584442
1.156419857;1.453028958
1.13781187;1.392226518
1.016289011;1.325485912
0.978602044;1.328291058
1.13143651;1.392882266
1.121802001;1.343154686
1.110767662;1.294155716
1.09732141;1.237142043
1.074562675;1.264064154
0.965440578;1.227232958
0.942118844;1.2195097
1.080032746;1.2850481
1.079926499;1.205374681
1.044217696;1.150255393
1.015231471;1.111857686
0.980810774;1.092003085
0.864232776;1.053168213
0.845928194;1.080454628
0.982778532;1.11061905
0.99558566;1.06009
0.971575512;1.042639809
0.961070765;1.032184267
0.842849773;1.029196969
0.811011313;1.024205996
0.794606579;1.134371711
0.803813362;1.123770447
0.959472133;1.158597968
1.007224072;1.219473269
1.035047058;1.198562185
1.051424409;1.134991029
0.91716288;1.053896822
0.893423827;1.026792558
1.049383265;1.142204261
1.069087676;1.186503702
1.075987698;1.17451808
1.090439461;1.195210582
1.097449016;1.256705201
0.992008865;1.189345278
0.922659239;1.123770447
1.04747356;1.137031135
1.057101497;1.133388089
1.070923994;1.152186207
1.080535501;1.131821579
1.080363535;1.175064537
0.962212097;1.138816228
0.923169114;1.103332958
1.065123135;1.140929194
1.075001354;1.099434899
1.088801945;1.153024108
1.0614735;1.102932223
1.028867215;1.042894822
0.917889083;1.076265125
0.883743314;1.071019139
1.046900703;1.069343337
1.061335489;1.110910494
1.047228206;1.116957951
1.048861341;1.143115022
1.00145662;1.073277827
0.885546772;0.97717427
0.830853736;0.929122491
0.851706599;0.931709054
0.992995756;0.995025196
1.017682268;1.009779533
1.020987422;0.999943308
0.986311514;0.986609759
0.866636474;0.988759157
0.848088182;0.981582356
1.01063383;1.052512464
1.02973362;1.0474122
1.024718111;1.027630459
1.011207782;1.039033193
0.990324797;0.97007033
0.875725509;0.98511611
0.841226497;0.976154217
1.007916868;0.949232106
1.020145114;1.033167889
1.017262758;1.017903526
1.019396457;1.003950659
0.984437954;0.965990118
0.870079639;0.936262861
0.84029711;0.950470741
0.97834738;0.972365449
1.004515873;0.973385502
0.991856614;0.945261185
0.98174728;0.898302321
0.962663372;0.844312377
0.816127593;0.834549013
0.772320478;0.829776622
0.800713035;0.818155305
0.918503015;0.801251571
0.958457311;0.820960451
0.951896841;0.799976505
0.933473416;0.775422374
0.827910041;0.776843162
0.811885933;0.807299028
0.954107214;0.804785326
0.955862478;0.790504585
0.953407299;0.760777328
0.956357019;0.78219844
0.939703645;0.786715817
0.827429739;0.820013259
0.802021405;0.806388266
0.95242698;0.866607819
0.9652478;0.867336428
0.971626993;0.842126549
0.974079433;0.834731165
0.95551964;0.823292
0.841236902;0.789775976
0.814431476;0.773272977
0.958485789;0.700885649
0.958392139;0.630902733
0.965388549;0.666604585
0.973208647;0.740667713
0.965546824;0.74511223
0.836891734;0.736951806
0.780899639;0.73567674
0.932578533;0.747844514
0.956415071;0.767079798
0.961658956;0.794220492
0.954882159;0.81301861
0.928589895;0.783692089
0.821150221;0.757935752
0.776192465;0.747115905
0.931221969;0.740959157
0.954106119;0.759174388
0.949819551;0.755531342
0.949082395;0.767662685
0.927847809;0.732980886
0.816074469;0.676586532
0.79287596;0.671777711
0.956951782;0.676732253
0.968657557;0.6685354
0.971952853;0.689155041
0.982118049;0.660921433
0.944297452;0.666786737
0.813356959;0.636950189
0.790776763;0.622596588
0.941596372;0.672214876
0.938675679;0.692725226
0.942578882;0.702014994
0.945199455;0.712106232
0.928677521;0.702597881
0.815653863;0.70012061
0.792256004;0.700739928
0.92423925;0.717752953
0.924744744;0.706532371
0.940496115;0.682633988
0.949033653;0.702160716
0.916005118;0.664710201
0.817644622;0.691340869
0.781913365;0.710867596
0.910411823;0.662087208
0.918565448;0.650028725
0.913321563;0.680557452
0.917838698;0.657751983
0.908041533;0.642560481
0.800175229;0.586494
0.769293538;0.581102292
0.914004501;0.626348925
0.938256716;0.615929813
0.945563652;0.60860729
0.949461378;0.610028078
0.928321539;0.594035106
0.827396332;0.590027755
0.79172477;0.603616317
0.933410435;0.618734959
0.95732967;0.610647396
0.958404735;0.594290119
0.971922184;0.584563186
0.943399283;0.644345573
0.820879127;0.561611995
0.79233432;0.611886032
0.951141612;0.631667773
0.949189189;0.661212877
0.960191216;0.674728578
0.946890095;0.684054776
0.927571787;0.683690472
0.822498571;0.716405026
0.778342594;0.682342545
0.80881518;0.617860628
0.948259255;0.66463734
0.988838436;0.691304438
0.980388525;0.68438265
0.946195109;0.722161039
0.83129132;0.724674741
0.813911743;0.71906445
0.976593212;0.762999586
0.980377572;0.804129577
0.967101643;0.80748118
0.978105861;0.824785649
0.969497126;0.828100821
0.868742243;0.772034341
0.834056476;0.80824622
0.963493084;0.830723814
0.970628601;0.825077093
0.97914478;0.78146983
1.001834509;0.790030989
0.954010825;0.800741545
0.854140419;0.816370213
0.837629438;0.823437722
0.97306954;0.853383561
0.992344583;0.843183032
0.989422247;0.836844132
0.980636617;0.833273947
0.968077033;0.838556364
0.857964211;0.817317405
0.834637548;0.778555393
0.978573566;0.830468801
0.989675267;0.868502203
1.000904027;0.915351777
1.005118303;0.913311671
1.004658265;0.895715758
0.868087784;0.823146278
0.856816854;0.833273947
1.026420251;0.892327725
1.033522361;0.88169003
1.042295394;0.902163949
1.053535655;0.867591441
1.016026132;0.834658304
0.903674458;0.837427019
0.866132075;0.85167133
1.01225875;0.850323403
1.039927842;0.846898939
1.056021503;0.850833429
1.046130687;0.866425667
1.028810258;0.876844779
0.899925696;0.827590795
0.872239079;0.849121197
1.026548952;0.860596793
1.046980114;0.906062009
1.065703659;0.894877857
1.052719088;0.868757216
1.050646178;0.882782944
0.932120138;0.838483503
0.9092097;0.853128548
1.064481272;0.857645925
1.054360437;0.849959098
1.05845587;0.83509547
1.030872761;0.817572418
1.012971808;0.807408319
0.908334533;0.825259245
0.886823925;0.802235193
1.047655384;0.84693537
1.066849372;0.865150601
1.081942451;0.874476799
1.071158395;0.863802673
1.058052789;0.980744455
0.963253754;0.973458363
0.940807736;0.940306643
1.074780098;0.986427607
1.108313031;0.992657216
1.110463709;1.049743749
1.119299723;1.012111082
1.083417858;0.980926607
0.980730268;0.996628136
0.977818884;0.997502467
1.139259346;1.148616022
1.144682865;1.112804878
1.165260801;1.17291514
1.202041931;1.307270682
1.210592064;1.352699467
1.105661789;1.270403055
1.083593111;1.286104584
1.243538997;1.350695792
1.26053028;1.343081825
1.260065313;1.33714366
1.242139167;1.310002966
1.254189971;1.370331811
1.128806627;1.277543425
1.104510598;1.247998321
1.263789429;1.357326136
1.287797934;1.346469858
1.285645066;1.250402731
1.2430576;1.182204907
1.21379371;1.150656128
1.094900187;1.122021785
1.068362021;1.14927177
1.223680692;1.240566507
1.251981241;1.257215228
1.267262716;1.282133663
1.258893859;1.145264419
1.24637535;1.251677797
1.107994838;1.192369006
1.079012447;1.16344322
1.234621928;1.281587206
1.251227655;1.278599908
1.236259992;1.206649747
1.209821501;1.174955245
1.185365007;1.144681532
1.122710576;1.293973563
1.120169962;1.301696821
1.230998034;1.271568829
1.249534277;1.268982267
1.207823074;1.197505701
1.1792706;1.165228312
1.0955886;1.091529489
1.003218456;1.061000762
0.939280848;1.108615375
0.949088419;1.093569594
1.030518423;1.236377004
1.120070287;1.348910699
1.151043985;1.391935074
1.13572746;1.243444513
1.029763194;1.143595497
0.951043159;1.158447386
1.003928785;1.231415365
1.151323872;1.240379677
1.204628049;1.341152217
1.232320894;1.392507088
1.234169581;1.362955247
1.11423719;1.332453796
1.090816558;1.324059249
1.215995817;1.349660716
1.212942325;1.289379517
1.183516938;1.271450894
1.210391415;1.340316561
1.177442603;1.280757065
1.059486284;1.198938727
1.030528153;1.193620915
1.183524431;1.239961849
1.183714438;1.216829366
1.177019235;1.129123451
1.152843928;1.10705453
1.132120324;1.159548933
1.041309844;1.158067542
1.037343783;1.268526097
1.216079313;1.428212398
1.238036624;1.400483806
1.243234786;1.377655199
1.23524593;1.398090791
1.226142189;1.426009305
1.098763666;1.342139811
1.070334343;1.369678481
1.227655286;1.476224645
1.243460119;1.456016959
1.260311862;1.489025378
1.272571325;1.527731454
1.255639832;1.47895952
1.108113614;1.316196484
1.055154125;1.296444611
1.195868996;1.321096468
1.184464832;1.277528393
1.173237294;1.298495767
1.202987031;1.397369088
1.199579216;1.301838392
1.081066793;1.325730562
1.040504857;1.250711426
1.152679076;1.228908397
1.148126403;1.210220086
1.136932049;1.231909162
1.147902676;1.283036127
1.131281082;1.208776679
1.038493459;1.199850352
1.031606108;1.221691366
1.178759271;1.316272453
1.20674007;1.370248246
1.233178869;1.406751228
1.242828546;1.410131837
1.206110103;1.395431885
1.07380478;1.296938408
1.051595375;1.318893375
1.202302471;1.354332794
1.207729177;1.36367695
1.233243632;1.413132602
1.236270898;1.403636509
1.218469654;1.375414121
1.091641884;1.313917422
1.050438742;1.25656102
1.19170597;1.31042286
1.218708367;1.359004872
1.183263238;1.210599929
1.15665263;1.21025807
1.150190788;1.266968738
1.058817781;1.229820022
1.058359088;1.355016513
1.205235536;1.387151292
1.219699615;1.303585673
1.186297462;1.263322238
1.226136301;1.30495311
1.205899757;1.332529764
1.086974136;1.26715866
1.034124905;1.269095863
1.181362634;1.227427006
1.204415562;1.291012845
1.190919181;1.331504186
1.169318869;1.233694428
1.137883154;1.134745138
0.989059537;0.942924058
0.931620166;0.944785292
1.079371181;1.023412943
1.083846246;1.070969377
1.090851883;1.056953143
1.082054293;1.007991288
1.041389593;0.958117807
0.917249217;0.915423372
0.902677557;1.004762616
1.048105135;1.079098032
1.083277296;1.138049778
1.08446979;1.130642826
1.075045981;1.116588608
1.060652017;1.105952984
0.948031415;1.058130659
0.936435638;1.119019608
1.077427758;1.188303103
1.10059362;1.206155758
1.066286927;1.08168097
1.027560298;1.023792786
0.910494604;1.000584335
0.875633947;1.004382772
0.823156167;0.973311556
0.850811545;0.987365773
0.983940589;1.02990827
1.017704557;1.032377255
1.026490907;1.016993584
1.000271553;0.969323197
0.877545256;0.894304061
0.861361481;0.896545139
1.008196181;0.94216437
1.015266045;0.926021012
1.008362638;0.919525684
1.000460489;0.939125621
0.972400476;0.926590778
0.857043773;0.896849014
0.83656477;0.941328714
0.860889942;0.98880918
0.990608495;1.00453471
0.980028051;0.95276201
0.972041871;0.880173875
0.940443447;0.856205736
0.843327947;0.826919785
0.82552831;0.851343736
0.971161952;0.856471626
0.97453123;0.814574864
0.961927614;0.796266396
0.951870626;0.784035428
0.933779822;0.770057179
0.834972994;0.794101287
0.813076699;0.837061612
0.969403718;0.846709643
0.969299348;0.83504844
0.972555693;0.838543003
0.946649984;0.828515128
0.946345973;0.816170207
0.853190646;0.811232239
0.837516946;0.841809659
0.976264843;0.89377228
0.976440398;0.918044294
0.98287655;0.893050577
0.972007616;0.860156111
0.952394081;0.837745331
0.829321491;0.8378213
0.77744638;0.861067736
0.805215228;0.885415718
0.916936107;0.91800631
0.929382366;0.909953623
0.931823554;0.863422767
0.89925315;0.766600602
0.79403372;0.718778277
0.770681062;0.728920104
0.913953266;0.693252779
0.925378839;0.708142653
0.933772329;0.660358312
0.931854597;0.638441329
0.910378459;0.649532766
0.794837637;0.584731427
0.783043289;0.619715034
0.944583993;0.668221077
0.952604427;0.679844295
0.93739156;0.642429689
0.923095009;0.67015828
0.913739173;0.630768486
0.812092409;0.617625893
0.780362853;0.668980765
0.922833816;0.691315576
0.931193052;0.768119977
0.918584618;0.77032307
0.922697867;0.801470255
0.910869801;0.791670287
0.802681445;0.761358758
0.772396477;0.758699852
0.920403333;0.822475613
0.929454622;0.838960831
0.925979903;0.804395052
0.926514599;0.789809053
0.91641051;0.790264866
0.806245012;0.778983507
0.785597946;0.796608256
0.937230456;0.779591257
0.951632983;0.755964977
0.960220227;0.716309293
0.955431517;0.721703074
0.917237977;0.757750243
0.79467225;0.705407778
0.766951573;0.6958737
0.921137134;0.755926993
0.927426097;0.774501351
0.931067272;0.766258742
0.932897227;0.774919179
0.901826005;0.755737071
0.78946606;0.729451886
0.77458343;0.676691592
0.935335739;0.723222448
0.96102575;0.713878293
0.963224478;0.728578245
0.97026651;0.739821619
0.94202666;0.680793905
0.834728393;0.691049685
0.782671839;0.688162873
0.918155363;0.672893155
0.942512649;0.672057499
0.950494547;0.680983826
0.944619318;0.689758216
0.920577283;0.592176364
0.813367329;0.514954135
0.768381175;0.493986762
0.888439881;0.58849188
0.888618648;0.578312068
0.888784569;0.577742303
0.886859879;0.568550084
0.876771848;0.555863304
0.792475663;0.555597414
0.775738459;0.578198115
0.904038649;0.591682567
0.909985064;0.62176619
0.894908681;0.649646719
0.890153155;0.653141282
0.880622834;0.653825
0.789688181;0.625792534
0.7795675;0.683110951
0.913425528;0.699368263
0.924226487;0.735871244
0.928478361;0.731616995
0.93790003;0.776742429
0.921701268;0.766562617
0.814800142;0.757256446
0.783483249;0.798773365
0.914767352;0.820006629
0.928033049;0.815448504
0.946512965;0.831781784
0.932270471;0.802533818
0.907164932;0.790986569
0.806802723;0.775488945
0.762043506;0.794291209
0.786862162;0.806104349
0.900767318;0.819626785
0.928865868;0.832997284
0.947147748;0.818753145
0.919302898;0.838125175
0.828516504;0.799039256
0.795867421;0.780388929
0.93771484;0.880857593
0.964305109;0.851229783
0.962136889;0.887314937
0.93886398;0.847089486
0.919436706;0.800140802
0.807745264;0.799760959
0.7907656;0.770702914
0.944029493;0.816739973
0.966835681;0.810434567
0.972800829;0.810206661
0.985371796;0.821677941
0.944869271;0.847051502
0.841164544;0.81993066
0.814019776;0.807433802
0.942579018;0.828894972
0.936730015;0.853432877
0.948714904;0.85259722
0.963456233;0.875045985
0.953705397;0.831819769
0.831253674;0.80359738
0.817358546;0.780350944
0.959306053;0.805990396
0.966470653;0.8341748
0.970626186;0.897152889
0.974355139;0.929553559
0.964888511;0.925375278
0.849144301;0.850773971
0.8306874;0.801622193
0.961501035;0.860725876
0.972731784;0.977945649
0.976701591;1.04232916
1.00039305;1.084339876
0.97106561;1.051825253
0.85184347;0.9591054
0.836752101;0.943151964
0.978377934;0.96848754
1.003431556;0.956484479
1.008683776;0.954205416
0.992160129;0.954015495
0.978447514;0.943417855
0.872350841;0.893734296
0.842982188;0.930541152
0.998849444;0.951660463
1.018901869;0.953483713
1.017651569;0.940531042
1.014462664;0.898558311
0.994846453;0.928945809
0.877958455;0.927616356
0.867425111;0.992417695
1.009850579;0.972437915
1.018611773;0.965904603
1.046348507;1.038036926
1.01534526;0.99211382
1.016045877;1.036935379
0.907233977;0.965752666
0.868238127;0.969285212
1.014834649;0.962448025
1.025087532;1.070703486
1.072455463;1.119627358
1.108159644;1.21295496
1.098824682;1.216905335
0.980615734;1.08411197
0.944956513;1.060219799
1.093584772;1.142873794
1.118244999;1.145304793
1.106117203;1.119171545
1.099613077;1.111688624
1.100982733;1.15457298
0.966616236;1.116892483
0.945580593;1.071045346
1.068915446;1.132428091
1.092863816;1.162055902
1.09031237;1.077274783
1.098089275;1.123083936
1.101152401;1.14249395
0.995718879;1.133301732
0.978879446;1.129655232
1.104525426;1.1333777
1.125809417;1.236315349
1.149836465;1.218234788
1.110987804;1.111574671
1.107636723;1.133453669
0.985653863;1.080655392
0.963964702;1.092506516
1.089757871;1.135049013
1.105999452;1.120956811
1.115853587;1.117234342
1.11405093;1.175882213
1.102502253;1.083428251
0.98069923;1.078832142
0.966064413;1.119589373
1.116085342;1.139645122
1.119330447;1.126920357
1.129389041;1.211055742
1.137865492;1.21842471
1.131259137;1.242620755
1.031828764;1.258726129
1.024044902;1.231795209
1.14949927;1.26620905
1.166158331;1.299141501
1.157572157;1.213220851
1.138768426;1.186062025
1.125695948;1.18184576
1.024710194;1.176186088
1.015020374;1.200306164
1.175264213;1.339480905
1.198667718;1.398470635
1.212029221;1.495216831
1.204276937;1.497154034
1.148479655;1.41537368
1.049558822;1.299293439
1.002113817;1.231567303
0.9356633;1.121526576
0.918799781;1.184428697
1.017834083;1.237644802
1.011139951;1.16004273
1.002161453;1.18663179
0.943298368;1.084453829
0.926160811;1.15335748
0.921644354;1.189208887
1.112889394;1.280542479
1.160615743;1.183518893
1.154583634;1.165017233
1.13435482;1.146552282
1.042330837;1.143174995
1.00070551;1.11178825
1.151055378;1.163915943
1.147596582;1.113513603
1.152194636;1.16633878
1.173334638;1.185354375
1.142877656;1.093360009
1.020763681;1.103602
1.000406886;1.154334726
1.158411608;1.196991332
1.174440534;1.189686113
1.162273493;1.203231971
1.166121157;1.239023873
1.120557376;1.156280338
1.011058379;1.13241907
1.015023087;1.225551434
1.190566267;1.448746064
1.23472498;1.524661606
1.242169814;1.509610652
1.245010577;1.514236067
1.208168714;1.397132306
1.059775768;1.270006812
1.018860359;1.212372672
1.163260704;1.227276787
1.178892011;1.279514609
1.168408425;1.239390969
1.160407362;1.216484152
1.124428558;1.22698311
1.032819149;1.252863408
1.025892806;1.285424862
1.196826446;1.423856926
1.220761269;1.491916604
1.238824233;1.541658171
1.250537868;1.600210051
1.234399009;1.541511332
1.092806611;1.331128368
1.017289025;1.227937561
1.160369077;1.303486006
1.159278495;1.310570967
1.153569623;1.31442548
1.148459093;1.331385335
1.137837681;1.280248802
1.017502328;1.212115705
0.990435228;1.215492992
1.138573851;1.263178818
1.141200217;1.248237993
1.128221529;1.21468538
1.140906514;1.232746524
1.10541612;1.151508084
0.995284324;1.107199545
0.971988865;1.178232704
1.111027639;1.270777714
1.146709459;1.254038117
1.12651182;1.227276787
1.130540519;1.271071391
1.122401082;1.243282192
0.996605711;1.179444122
0.996433974;1.250477282
1.112417392;1.23729852
1.104509854;1.176727609
1.108234459;1.166669167
1.101535093;1.185170827
1.074840454;1.168137552
0.965392322;1.177975737
0.928418649;1.177792188
1.070011047;1.235169361
1.085153397;1.234325039
1.085851281;1.231168009
1.089991007;1.233040201
1.068294229;1.221219696
0.957499551;1.184913859
0.938980993;1.262518045
1.131211057;1.351759187
1.16492447;1.43171279
1.171725565;1.378263549
1.170403632;1.35656815
1.133593491;1.312296321
1.02285296;1.241666967
0.953118082;1.197285009
1.082117926;1.156610724
1.082734318;1.135392551
1.079076986;1.139063515
1.101474931;1.204149712
1.093889536;1.198276169
0.943062197;1.152535954
0.901125119;1.112926249
1.032210414;1.173423741
1.071961952;1.285351443
1.064498523;1.200699006
1.024293031;1.147396604
0.896938905;1.140862287
0.85189799;1.110429993
0.803317881;1.096260071
0.841376119;1.089064981
0.960907483;1.071113966
0.981973649;1.071113966
0.982657313;1.041158897
0.976301967;1.059513718
0.85899771;0.979449987
0.824175119;0.985874174
0.968654769;1.015792534
0.979563321;1.063772037
0.985618948;1.044132378
0.982325326;1.056099722
0.973672867;1.084109179
0.855689867;1.042553863
0.828784112;1.048574245
0.980040792;1.053676885
0.994660275;0.967519353
0.977224641;1.02640162
0.976646534;1.034294194
0.951616755;1.014617825
0.835018039;0.931397064
0.813262739;0.970382705
0.946662648;0.953349431
0.954432359;0.912418179
0.960357816;0.950045563
0.973536134;0.942850473
0.963374691;0.939876992
0.841530354;0.950889885
0.796430371;0.942299828
0.82897882;0.926367843
0.95872085;0.95650646
0.991735284;0.928607131
0.978100826;0.959443231
0.973751078;0.963921808
0.859641448;0.892411423
0.856866317;0.93591235
0.977090096;0.983010822
0.993773699;0.975742313
0.998284244;0.955552009
0.989158143;0.871670475
0.944191611;0.856032167
0.835058512;0.862089258
0.813247972;0.826811291
0.953839485;0.8135224
0.955636702;0.848286432
0.960454623;0.856839779
0.963108882;0.849020625
0.938558215;0.873909763
0.826174701;0.870826153
0.8116832;0.919870236
0.845874085;0.961388842
0.948704891;0.935802221
0.968199175;0.938408606
0.951313208;0.851920687
0.922402401;0.794947321
0.818117304;0.724868612
0.798031787;0.746160205
0.938506256;0.754970519
0.943732735;0.791202937
0.947881212;0.792230807
0.956580706;0.801848734
0.938337254;0.753612263
0.829897665;0.68081704
0.798566139;0.664224282
0.944195986;0.680670202
0.958945639;0.704935276
0.961685219;0.71892165
0.966985534;0.71484688
0.946920253;0.739699308
0.832153211;0.698841475
0.798577077;0.677513173
0.93518474;0.693518577
0.95151776;0.717086168
0.946865013;0.739552469
0.941862229;0.734596668
0.928340985;0.730375059
0.818401709;0.704971986
0.802541238;0.715470944
0.936267118;0.765689735
0.932316631;0.762606125
0.942743336;0.768626507
0.940976747;0.77244431
0.922213163;0.756438905
0.83815852;0.707945467
0.803076137;0.742856337
0.933879215;0.772077213
0.941006828;0.803831054
0.944779015;0.770535408
0.955937515;0.755447745
0.918763118;0.690912192
0.812386554;0.683166458
0.788617999;0.702145343
0.923820595;0.73026493
0.937793604;0.715581072
0.940505292;0.749941298
0.952882901;0.659965963
0.942534408;0.697813605
0.814927052;0.717636812
0.808697501;0.722115389
0.934222141;0.708973337
0.940919866;0.727878803
0.940597723;0.787605392
0.941866057;0.8443585
0.939227112;0.721821712
0.827372481;0.755447745
0.7905607;0.740984145
0.920965065;0.720757132
0.92058987;0.756402196
0.922608047;0.799425897
0.925986991;0.820570652
0.899797169;0.791680163
0.795588096;0.779896367
0.764567227;0.745903238
0.883498607;0.715544363
0.898364209;0.745169045
0.906512396;0.724134419
0.908725282;0.721931841
0.891910415;0.678247365
0.797564707;0.65203668
0.782140688;0.633755278
0.902421894;0.646566943
0.909115791;0.682505684
0.907024324;0.697446509
0.911364774;0.700603538
0.900674448;0.653505066
0.809754172;0.625789285
0.780270728;0.621934773
0.907564693;0.633791988
0.947205204;0.647704942
0.939010527;0.653505066
0.925451545;0.671419372
0.91865045;0.667307892
0.830688528;0.640289595
0.809422732;0.649246747
0.936291183;0.692527417
0.957747312;0.70967082
0.953541954;0.730742155
0.945703877;0.730118091
0.92566813;0.710808819
0.821808546;0.672704209
0.776419783;0.718995069
0.801064523;0.731109251
0.929269128;0.74876659
0.942177262;0.773839276
0.945177182;0.773729147
0.930115778;0.778134304
0.831157795;0.769250571
0.808507715;0.807281761
0.937950027;0.721674873
0.952998304;0.730118091
0.970158284;0.734266281
0.974617965;0.727842093
0.950715411;0.701154183
0.837829268;0.652146809
0.809806678;0.640546562
0.937583583;0.64175798
0.959062135;0.676301754
0.972265065;0.69318819
0.965047755;0.659929254
0.940444582;0.66334325
0.834724337;0.640473143
0.805422474;0.643630172
0.953614696;0.687571615
0.981822695;0.776262112
0.986985183;0.726520546
0.98239588;0.735073893
0.972057231;0.727915513
0.863200332;0.693004642
0.835627321;0.7312928
0.970681698;0.718591263
0.988800996;0.753024908
1.004429021;0.871964152
1.02919518;0.913042243
1.02448391;0.893292455
0.905104594;0.767121411
0.868193271;0.774903856
1.017205344;0.912388811
1.034991014;0.843356327
1.034545812;0.909690652
1.015299834;0.945640406
0.99800859;0.906775906
0.892084339;0.897117599
0.870583363;0.964351311
1.014034781;0.989354249
1.044670063;1.005528517
1.040019504;0.968734442
1.030557039;0.936730975
1.01935752;0.893064855
0.905705125;0.895836433
0.872347764;0.934242061
1.012660889;0.972555916
1.043948114;1.026254782
1.043125528;1.004203299
1.065957737;0.993454716
1.050148131;1.019771859
0.942667859;1.012661201
0.911038802;1.01132497
1.070048239;1.054422091
1.07729016;1.059363209
1.099962665;1.104802405
1.102729592;1.061367555
1.072957915;1.028325206
0.952829302;0.967423908
0.917745278;0.908420498
1.054641174;1.004078486
1.077622148;1.01791068
1.067974274;0.986949767
1.068447917;0.94348555
1.049498376;0.987291167
0.938867778;0.971138924
0.928594214;1.021317628
1.077793884;1.070356829
1.093592552;1.079897519
1.088059791;1.068704748
1.085810261;1.101616779
1.086515256;1.144941096
0.971433182;1.005492725
0.948447286;1.021208858
1.135187797;1.250296927
1.14720662;1.200904286
1.150430235;1.219114398
1.166128267;1.289262928
1.163067637;1.285916037
1.035549978;1.169338875
1.034222575;1.225061177
1.165856989;1.245899663
1.182997826;1.228736032
1.158719531;1.153651119
1.154789827;1.174405761
1.168039246;1.322846011
1.077770913;1.247532838
1.024761205;1.115962026
1.174915818;1.201219769
1.176223531;1.185524524
1.158209791;1.156602979
1.151111165;1.141209377
1.133942434;1.085031399
1.014198861;1.058457729
1.012868723;1.077708339
1.152131739;1.218181459
1.166845294;1.12478005
1.135972644;1.105883981
1.151815066;1.120297656
1.120563939;1.144660598
1.064238184;1.137306885
1.037160692;1.157760213
1.185724281;1.358726787
1.236168333;1.409989858
1.242566339;1.419952084
1.24545742;1.457927366
1.239518289;1.45204002
1.130188842;1.409987656
1.11659595;1.439810056
1.266869247;1.539063937
1.264288276;1.494620636
1.255633083;1.501420474
1.265655059;1.539019335
1.217450691;1.491104477
1.102580826;1.326362318
1.058372342;1.288238436
1.051961756;1.155941765
0.941808083;1.13573663
0.912145245;1.174384212
0.994434392;1.158475941
1.005915581;1.158992519
0.971136745;1.125862654
0.975071918;1.123900193
1.002586408;1.174151693
0.942515348;1.097280899
1.133871156;1.309574671
1.237227268;1.461329099
1.214487757;1.346215615
1.063433309;1.251089375
1.046604939;1.258738219
1.195052511;1.347154599
1.212715415;1.317166128
1.215860879;1.339742927
1.213373936;1.289970009
1.211259007;1.32146636
1.087494303;1.26651112
1.039119679;1.200510283
1.181809358;1.250311435
1.206746529;1.245231182
1.208672675;1.277804019
1.214227347;1.302427806
1.175611156;1.198526646
1.045462799;1.120680637
1.003222523;1.125776843
1.160454074;1.228400201
1.196166332;1.276788413
1.164138681;1.135820034
1.158941586;1.219324617
1.154246988;1.234582883
1.032495048;1.118452769
1.005560105;1.110341439
1.175917652;1.265299741
1.180278547;1.219761833
1.185473421;1.27808372
1.208226258;1.357605713
1.196800978;1.372535961
1.096141692;1.326807538
1.052513302;1.276703815
1.185275199;1.269397282
1.179753285;1.234101797
1.169817728;1.244729061
1.170489575;1.184729743
1.129640743;1.143291211
1.01611254;1.104914321
0.999171454;1.14826742
1.154129276;1.246332727
1.167133118;1.263927988
1.176640026;1.26062681
1.199103024;1.344111593
1.181986481;1.372000382
1.082966279;1.370244742
1.062572124;1.368344751
1.213570492;1.420595061
1.234863034;1.452331619
1.234909675;1.429509672
1.182069213;1.264363793
1.132352561;1.186909612
1.015018707;1.129785091
0.983425812;1.134315401
1.146229803;1.257227339
1.129327585;1.189942842
1.142898332;1.218916412
1.158716156;1.204760433
1.155694512;1.238019482
1.002503481;1.154605781
0.960655208;1.137809459
1.14603047;1.290964651
1.179350733;1.342966107
1.181396811;1.309359098
1.143830033;1.187754856
1.105886244;1.168662938
1.010182521;1.142289652
0.979009947;1.162599619
1.156828323;1.258519293
1.142929426;1.220082863
1.143534088;1.253779834
1.14947299;1.206670306
1.116807362;1.120265797
1.008299685;1.114443109
0.994173137;1.156556418
1.143552411;1.224270861
1.166621182;1.27421534
1.155237545;1.2363159
1.142205386;1.238134504
1.016008154;1.196090194
1.007395191;1.261252776
0.987155394;1.24314357
1.011152535;1.269108687
1.138505787;1.292800725
1.154078749;1.217507178
1.128911151;1.149593608
1.111158852;1.169700144
1.004808303;1.087655266
0.943372091;1.065242899
1.079288335;1.109454936
1.070159549;1.050025856
1.082034022;1.04594035
1.071059046;1.020935005
1.035412862;1.01202343
0.954401481;1.062823529
0.973760104;1.166500223
1.125787897;1.215297592
1.129298712;1.17760956
1.114066671;1.149027042
1.102582536;1.148535368
1.079647023;1.112144937
0.969194878;1.040098639
0.946658032;1.053193519
1.073822502;1.114515461
1.090066199;1.102541362
1.089591464;1.113896907
1.07848434;1.129111621
1.082605925;1.14954208
0.97856464;1.09195405
0.940276599;1.057677312
1.061489951;1.03878258
1.054478315;1.004784343
1.053745947;1.003269192
1.042205176;0.984465093
1.021172489;1.036013416
0.889052456;0.930517483
0.87581319;0.873042428
1.01000873;0.936150362
1.034046959;1.006411691
1.048865897;1.035446461
1.026866528;0.991551465
0.992136498;0.944502712
0.862625007;0.898996109
0.831188692;0.878372418
0.85059451;0.872885725
0.958536947;0.849260074
0.962828992;0.846394664
0.955481988;0.855496578
0.951814594;0.833520934
0.843755555;0.792788483
0.813262601;0.810299146
0.945380413;0.787834757
0.945920111;0.815979319
0.949038923;0.832806205
0.968596879;0.834150217
0.966353133;0.866312909
0.865901509;0.851913898
0.82251132;0.857956077
0.962814556;0.89248114
0.976915562;0.876357406
0.968215426;0.858712946
0.967487499;0.870015445
0.948279903;0.85474412
0.817198179;0.834117182
0.798853989;0.842720787
0.828126514;0.882396443
0.940914021;0.918999376
0.982647913;0.860081769
0.960166592;0.838145795
0.942782976;0.836394355
0.838179228;0.817338472
0.822086557;0.838181335
0.961559702;0.816071682
0.982875009;0.833164222
0.959436444;0.842051022
0.958451439;0.804018631
0.939511471;0.794530218
0.830129839;0.804997179
0.796074987;0.782987441
0.942205521;0.773851222
0.947647479;0.732332468
0.948419825;0.769002353
0.946706338;0.779543606
0.924631456;0.803295079
0.815315343;0.800492386
0.790898992;0.795082173
0.926693082;0.791306262
0.927117844;0.769925207
0.942761321;0.777086225
0.928244992;0.73622753
0.921771388;0.747136224
0.835553474;0.761613445
0.785050594;0.766056968
0.925438783;0.728727942
0.946099455;0.758611097
0.934202217;0.807867459
0.940128904;0.798874637
0.930525939;0.778433625
0.814061044;0.772414317
0.787220492;0.763928346
0.922178938;0.748443355
0.945484799;0.778930805
0.946945094;0.782025481
0.943426505;0.780275205
0.918548745;0.753601819
0.817751758;0.718274993
0.803922267;0.733875183
0.936802986;0.720487437
0.936890159;0.718374909
0.965431982;0.729990744
0.939118913;0.689556594
0.92969085;0.747264657
0.813494694;0.732846977
0.79086179;0.723685417
0.931798561;0.727440858
0.943500353;0.723473268
0.931316608;0.74911432
0.937421529;0.78702583
0.927258321;0.766060109
0.80466574;0.754340088
0.770310501;0.753317635
0.903370563;0.798955954
0.936744685;0.798533384
0.948299892;0.765846619
0.941124459;0.752058857
0.919932416;0.742792864
0.81456132;0.722160385
0.786264915;0.729101806
0.929014006;0.764251211
0.928045659;0.769624401
0.918065127;0.800516032
0.943818508;0.78175065
0.900376682;0.712236062
0.803771796;0.660282323
0.783420394;0.676749286
0.896377806;0.691626206
0.923595369;0.70682479
0.931809666;0.723934554
0.928138385;0.721227683
0.89816625;0.718886665
0.807780666;0.708463045
0.770013445;0.663950554
0.90243331;0.718458696
0.928959592;0.701366508
0.925651997;0.70928623
0.925996249;0.765698951
0.905443849;0.721036639
0.80204998;0.731301862
0.791318202;0.725406187
0.934381006;0.739747987
0.939908472;0.745458406
0.941424846;0.767615424
0.943343774;0.73201885
0.913358314;0.745645462
0.79745144;0.695565032
0.764689199;0.709233678
0.789493666;0.717278622
0.925621458;0.717159894
0.943792967;0.642287116
0.948127766;0.637594138
0.94053923;0.664964254
0.832540714;0.598654598
0.817292015;0.636830175
0.928726389;0.666279502
0.949117213;0.660630317
0.941248834;0.682678525
0.961916169;0.675511084
0.967858958;0.697814217
0.84460397;0.669889887
0.827310304;0.713261974
0.961067755;0.716721831
0.981828372;0.727518822
0.961013341;0.727090253
0.962184353;0.730163752
0.96345753;0.729527234
0.848444601;0.752473273
0.819071021;0.78097737
0.957881203;0.779951211
0.987783931;0.763167559
0.986157063;0.730979703
0.978640709;0.729575374
0.958016127;0.716334026
0.853273568;0.739005341
0.826707308;0.741343501
0.972158777;0.761643127
0.979705114;0.778410614
0.989939948;0.783990482
0.990891083;0.737327841
0.958370929;0.720667363
0.852708329;0.752863584
0.83415259;0.746576822
0.959435889;0.778288251
0.988025463;0.814334359
0.976013844;0.93729299
1.002678383;0.988609222
0.99147187;1.031834558
0.907382765;1.020642528
0.887742078;0.947264359
1.017908203;0.971699855
1.02158337;0.966080916
1.010799399;0.987270504
1.011434044;0.977354298
0.971836179;0.959446125
0.880090799;0.955754671
0.855385165;0.936748129
0.991370815;0.943373567
1.022406799;0.923165528
1.020470104;0.988515906
1.008700572;0.992274029
1.012436261;1.018899064
0.89388531;0.990810372
0.869326816;1.001308144
1.005964324;1.04140277
1.023008685;1.090339372
1.042433937;1.123267863
1.032988661;1.077509052
1.005884368;1.068537019
0.919867453;1.084459615
0.886468901;1.035100796
1.005622293;1.085296742
1.056665981;1.175467385
1.075301675;1.199566075
1.081231138;1.207523773
1.055259545;1.205972377
0.977730107;1.103426487
0.942736891;1.073794622
1.066568779;1.102260849
1.072979639;1.084751951
1.070850274;1.095885006
1.069162884;1.078470236
1.018867666;1.101249372
0.913346653;1.103038153
0.912358872;1.134694348
1.066444404;1.178338618
1.056372812;1.186674804
1.074446597;1.182108388
1.08104291;1.194811475
1.022314073;1.089464834
0.905882493;1.058972866
0.904461065;1.102756052
1.071087919;1.152339514
1.05222402;1.110688727
1.049245129;1.081104226
1.036834845;1.086062152
1.034463393;1.128524478
0.969769557;1.164196615
0.970224303;1.187746068
1.104115567;1.250582524
1.126402553;1.244256057
1.118926177;1.135577391
1.084206141;1.087566891
1.098590323;1.166914392
1.020833789;1.198853358
1.006744998;1.230250428
1.145517423;1.34446474
1.168400187;1.377649426
1.175488447;1.36463865
1.155760586;1.292193218
1.124744036;1.305400543
1.019607808;1.222389752
1.013029819;1.265669123
1.15239358;1.290547694
1.153045437;1.361941838
1.163078162;1.379244339
1.171731103;1.366864894
1.152529615;1.322857136
1.038220181;1.246828425
1.018596151;1.250545431
1.154485188;1.311767316
1.151718401;1.262455825
1.129635746;1.200902782
1.104669702;1.10111381
1.086218905;1.129788762
0.968868394;1.03482353
0.918356631;1.023779485
1.028016996;1.087183427
1.027561695;1.133699071
0.96148752;1.10500446
0.844090368;1.084282265
0.835359138;1.119344213
0.923049563;1.187623034
0.928800792;1.173332693
1.016547852;1.2533819
1.042338435;1.284270778
1.043888679;1.346934403
